1517439600,14.22768122,10313.07746201,10314.05807505,10150.84999932,10203.31999824
1517436000,5.991346009999999,10194.55014701,10288.15652833,10127.26987659,10146.48627777
1517432400,3.36449004,10105.75,10199.96004093,10001,10178.3299983
1517428800,5.14472822,10177.58999991,10210.00115464,10062.73,10076.11
1517425200,7.451170609999996,10069.1,10200,10030.39999906,10098.99343614
1517421600,11.390118089999994,10108.18,10188.99097434,9984,10080.26253531
1517418000,17.32343307,10080.26067401,10177.43287367,9997.98999996,10032
1517414400,36.34300838000001,10031.98999918,10100.0900902,9900,10030.4
1517410800,35.44383665999999,10072.59259074,10133.74036819,9956.01,10008.52857105
1517407200,26.72625278999999,9952,10409.6969697,9950,10160.02000152
1517403600,24.895436199999992,10160.01,10428.02696556,10116.22999941,10399.19
1517400000,14.63549995,10400,10456.45588235,10244.64,10320.08320083
1517396400,30.22827097,10320.01,10343.92405968,10150,10250.00373192
1517392800,15.464584409999999,10250,10300.00188542,10168.02999975,10195.00333486
1517389200,22.96881335000001,10195.00201287,10347.0661415,10098.19,10290.07999945
1517385600,34.886310849999994,10290.09161558,10385.41138887,10220,10287
1517382000,41.09587252000002,10287.01,10386.95538441,10155.24,10243
1517378400,32.20940759999999,10254.71214587,10296.40000001,10067.05,10120.85033902
1517374800,40.51211166,10119.83553006,10120.86158452,9888,10004.51
1517371200,71.31271581999998,10030.1701741,10170,9930,10097.54
1517367600,54.638762799999995,10097.54,10555.44444444,10051.000068,10299.99
1517364000,47.320319070000004,10300,10373.15517241,9983,9983.46117634
1517360400,64.52716708000001,9993,10057.24619737,9780,9860
1517356800,53.718497469999996,9888.08059437,10279.07000299,9860,10240.96
1517353200,22.026162360000004,10240.96,10400.2227493,10120.98999605,10400.01
1517349600,25.467277990000007,10400.01,10640.30833333,10337.98,10337.98
1517346000,21.772617270000005,10337.98,10453,10188.09,10258.22353618
1517342400,15.1179609,10258.22394083,10424.07,10106.01,10400
1517338800,42.290452779999995,10400,10682.35294118,10000,10084.97
1517335200,99.20253643999999,10060.05999997,10389.00029105,9938.83,10389.00029105
1517331600,32.07340909999999,10316.28953039,10566.16789711,10310,10497.00667907
1517328000,40.04382199999999,10497.00390215,15261,10365.08999984,10377.852657
1517324400,56.93916036000002,10384.59230815,10684.99028054,10294.30999912,10610
1517320800,41.49690012000001,10610,10731.03152494,10555.1,10661.83
1517317200,53.38862206000002,10661.83,11078.00137804,10600,11078.00137804
1517313600,24.947259550000002,11078.96431586,11136.04047418,10960.86999968,11087.00019494
1517310000,28.260529559999995,11002.03999979,11250.30555556,10926.58,10969.8899999
1517306400,20.67339626,11014.80073885,11050.15,10925.63999866,10977.99
1517302800,34.08042675000001,11049.78,11239,10990,11160.59
1517299200,25.27321494000001,11204.59223698,11422.22222222,11070.55999948,11128.54367502
1517295600,30.602963089999996,11070.56,11144.23130462,10990,11066.0164605
1517292000,27.45659204,11066.01511252,11144.23394358,11012,11078.53
1517288400,22.621270720000002,11047.33,11159.90948942,11003.04,11080
1517284800,12.527909499999998,11128.37104973,11200.00419038,10990,11041.85167764
1517281200,41.85496851000001,11041.86693138,11400,10900,11048.6
1517277600,38.469176579999996,11033.2,11229.18393753,11000,11000
1517274000,32.70047663,11066.00055517,11367.35397782,11000,11290
1517270400,18.407726330000003,11290,11400.03916874,11200.00999983,11365.46
1517266800,21.343879250000004,11365.45082424,11400.00006454,11100,11191.38
1517263200,22.73561986,11246.26,11410.86338009,11191.37999937,11393.56053142
1517259600,14.006288999999999,11319.57,11412.25365655,11263.31,11380.19417295
1517256000,5.278066449999999,11386.02409413,11412.25769342,11315,11316.38
1517252400,11.952443189999999,11316.78,11496.34098027,11316.38,11400.00063433
1517248800,4.42527243,11400.00295455,11400.08500213,11322.34,11400
1517245200,8.910504630000002,11425.54,11450.03108071,11349.09,11379.98002609
1517241600,15.323842429999996,11398.2,11714.28571429,11315,11365
1517238000,35.45635437999999,11365,11466.01780271,11305,11350
1517234400,19.12150427,11350,11410.10410104,11296.6,11320.042805
1517230800,19.333559200000003,11320.00089317,11352.29345631,11210.24999616,11240.00273823
1517227200,18.317033390000006,11240,11313.70346757,11200,11261
1517223600,36.7058038,11232.21999728,11502.98338005,11212.11999741,11440.16
1517220000,25.153467539999998,11413.17,11532.0227112,11332.32,11401.84432524
1517216400,18.07404734,11401.80041007,11496.90060939,11304.46999783,11431.06999896
1517212800,24.599037919999997,11431.069999,11500,11257.85890411,11388
1517209200,15.438644709999997,11400.00052738,11717.25,11351.13140816,11400.01946109
1517205600,71.68755947000001,11400.01052796,11666.00592446,11350,11643.8
1517202000,31.957109959999993,11643.8,11700.06696358,11574.89,11665.00150782
1517198400,22.10472518,11665,11748.00155885,11530,11622
1517194800,18.503030539999997,11622,11748.0019308,11501,11639.3
1517191200,29.176236280000005,11639.30220217,11648.08384183,11498.17999921,11543.35
1517187600,59.117312089999984,11579.48579486,11999.05385593,11543.32,11860.5
1517184000,17.87127414000001,11899.99,11999.97452229,11791.03,11791.03
1517180400,11.863749409999993,11901.87844543,11968.00676223,11791.02,11873.79999676
1517176800,10.237716199999996,11873.79999984,11954.21429007,11864.19999764,11940.87
1517173200,7.513533529999999,11864.20082547,11951.99877578,11849.81999661,11850.02
1517169600,11.47067642,11899.7940501,11923.03742961,11782.8,11890
1517166000,9.657299019999998,11815.93,11898.36038284,11763,11792.20999732
1517162400,12.011110330000001,11792.2,11923.0399999,11764.88999813,11884.87
1517158800,13.37402764,11780.01572404,11952.06374318,11760,11948.38
1517155200,32.10310727,11859.43,12000.3,11745,11798.99
1517151600,30.00148877000001,11797.02,12163.71875,11746.58999985,11793.8676262
1517148000,36.196853059999995,11761,11908.44410002,11761,11849.8
1517144400,21.350306619999994,11872.15233484,11872.17990976,11709.17,11780.88
1517140800,42.29226690999999,11780.88,12025.04411831,11699.58999984,11949.710178
1517137200,32.41894658,11949.70999937,12171.67924528,11822.51999485,11850.65999831
1517133600,29.36803763,11850.6599999,12023.00475942,11800,11990.49007998
1517130000,26.280022909999996,11990.48999951,12036.75,11839.87999257,11966.31999753
1517126400,20.931088620000004,11980.97,12081.03377919,11902.54999994,11950.23999946
1517122800,50.56127259999999,11950.24,12164.07520891,11839.88,12150.86145096
1517119200,43.522350669999994,12142.86,12197.51060649,11842.96999992,11865.2
1517115600,57.24427964999999,11860.00662946,12000.04539534,11782.02999933,11782.03
1517112000,47.57732273999999,11782.03,11800.0000556,11551,11576.86
1517108400,36.38557468,11576.86,11634.82224345,11440.50999999,11450
1517104800,21.142814160000004,11452.10999502,11532.38234775,11396.30999995,11449.58
1517101200,15.976780510000005,11449.58,11578.00001664,11362.61999957,11525.0092044
1517097600,33.30716846000001,11526,11596.91840781,11377.53,11431.19649927
1517094000,19.091503900000003,11431.16,13358.33333333,11251.87,11388.25
1517090400,8.57927368,11387.63,11666.66666667,11309.20999231,11450
1517086800,10.916384730000003,11447.72,11565.00188461,11301,11490.01
1517083200,25.16790459999999,11494.01084331,11609.21929825,11385.54,11441.2
1517079600,7.6921883499999995,11499.99,11500.04612103,11363.09999975,11400.02000044
1517076000,17.792682649999993,11400.0300001,11492.53001465,11311,11434.98025882
1517072400,22.758011099999994,11375.22020906,11817.14285714,11361.12999819,11544.23999278
1517068800,52.89727896,11544.24,11544.24,11361.12999986,11430.01000614
1517065200,43.03705037999999,11450,13323.25,11024.7,11042
1517061600,14.893553339999995,11041.20999718,11146.82,11000,11070
1517058000,11.7900564,11065.43,11170.00062449,10983.8,10983.8
1517054400,11.86175056,11033.49,11101.625068,10962.3499987,11001
1517050800,27.25457671,11101.70340904,11341.99224806,10912.89999986,11241.12105823
1517047200,15.372606360000002,11241.1267778,11718.75,11220,11285.51
1517043600,25.5159779,11285.51,11285.51,11132.48,11200
1517040000,19.456833409999994,11183.64999954,11315.52759368,11150.13999964,11265.03684261
1517036400,20.971185159999997,11265,11300.03073838,11151,11260.07001514
1517032800,33.838341200000016,11260.07,11361.25431937,11150.19,11161.43999987
1517029200,37.63778120999999,11162.44000004,21985,10805.96000336,11010.53
1517025600,19.800688419999993,11010.53,11100.00048098,10930.87999956,10931.4
1517022000,34.82517028000001,10931.22,11145.72340426,10909.79999664,11015.2
1517018400,39.45461335,11131.6,12596,10850.01999964,10977.13153717
1517014800,11.244626530000001,10878.70999876,11085.67,10850,11043.87
1517011200,18.255946269999995,11134.2313513,11190.16096579,11011.97999997,11070
1517007600,25.31959537,11126.16768846,11188.00055098,10735.28,10810.00102237
1517004000,5.1041511700000015,10810.01094198,10925.42428832,10800,10900.01
1517000400,6.980598779999999,10900.01,11033.98506553,10857.15999948,11000.00183869
1516996800,4.970930959999999,11000.00183781,11063.25071323,10956.42,10998.73077018
1516993200,11.997046560000003,10956.42,11099.16462692,10863.48,11020.30999928
1516989600,11.232111990000003,11099.12041056,11242.6,11021.27,11135
1516986000,13.931108810000001,11103.9,11166.91225643,10979.21999961,11100
1516982400,54.243569889999996,11100,11340.30150739,11000,11040
1516978800,30.768718569999997,11101.52041885,11101.52041885,10800,10863.54405117
1516975200,16.366648259999998,10800,10808.08080808,10614.68,10625
1516971600,31.02415281,10625,10776.03237847,10614.68,10701.17
1516968000,31.300693109999997,10725.00536226,10748.08674104,10492.38,10561
1516964400,47.07912968999998,10619.44,10646.18,10492.37999248,10611.52999644
1516960800,34.30764092,10631.81061334,11167.41176471,10411,10529.7505428
1516957200,83.52194178999999,10453,13000,10399.98999906,10970.01509834
1516953600,142.56913418999997,10846.53082961,11080.25199089,10510.03999918,11045.66
1516950000,49.48261885999999,11031,11420.00261295,11031,11362.97000012
1516946400,22.49030945,11399.59020518,11700,11304.41157,11431
1516942800,15.131249769999998,11431,11480,11369,11411.25999961
1516939200,20.212378949999998,11484.26,11539.5858817,11369,11498.96
1516935600,24.61805999999999,11462.31999771,11590.78933721,11453.75000001,11590.75631776
1516932000,47.89093925999998,11590.75396825,11602.96366535,11282.15999997,11363.78
1516928400,38.73091618,11327.54000034,11593.67857143,11257.39999955,11379
1516924800,21.357880720000004,11379,16000,11199,11199
1516921200,12.95087992,11199,11298.51015502,11115.89,11215.84
1516917600,10.35144232,11204.64,11317.93233549,11190.2,11190.41
1516914000,11.52431636,11152.71,11350.00220715,11111.27,11285.11000013
1516910400,10.37707742,11294.0999998,11329.98,11192.93,11200.00100299
1516906800,18.182692610000004,11196.32999919,11400.88088088,11190.85999388,11204.42
1516903200,12.537957399999996,11255,13750,11030,11030.00138396
1516899600,26.628661190000006,11045.99333047,11173.18435754,11000,11008
1516896000,23.073374830000002,11008,11239.99849335,11008,11085.8
1516892400,33.03513694000001,11085.8,11279.99,11030,11230
1516888800,48.341680399999994,11230,11318.87246285,11227.50999997,11262.84
1516885200,36.50243899,11298.6,11308.06506399,11031,11061.96444762
1516881600,24.32993918,11061.95,11308.04,11030,11308.04
1516878000,15.833889900000006,11308.04,11448.38013849,11238.12,11356.92
1516874400,15.611523889999997,11356.92,11450.00760067,11306.47,11380.00999993
1516870800,25.149010990000004,11330,11415.36107049,11160.05999846,11300
1516867200,20.50764414,11300,11571.00019414,11300,11537.47
1516863600,29.208200289999994,11548.99,11596.10025183,11430.03999983,11550
1516860000,27.122721969999997,11500.21,11700.00590603,11500.21,11576.63999992
1516856400,30.463240829999997,11576.64092908,11600.01600016,11493.40999359,11552.12
1516852800,47.32310836000001,11552.12000009,11687.52375003,11410.06999979,11687.52023107
1516849200,48.93587388,11676.45229772,11773.10344828,11500,11546.99036429
1516845600,54.47573063999999,11546.99036336,11670.94029851,11272.19,11380.005344
1516842000,54.22644662000001,11380.00154231,11487.70106421,11300.0999999,11330.11650583
1516838400,12.58979181,11330,11400.01172982,11300,11385
1516834800,24.38121911,11385,11400,11012.52999937,11012.52999937
1516831200,5.662282679999999,11012.52999823,11300.02077053,11012.52999823,11195.15
1516827600,12.771899629999998,11195.15,11300.03046699,11106.02,11149.2
1516824000,13.495903120000001,11215.68,11250.01,11122.07999963,11175.08
1516820400,16.138761239999997,11218.76,11224.5,10984.84034965,11040.0035426
1516816800,15.670361499999997,11022.09247658,11538.46153846,10959.61999831,11085.9
1516813200,35.32145390000001,11084.8,11220.08004629,10851.52,11200.00021144
1516809600,63.26982886999999,11086.96,11282.35656527,10920,11079.25
1516806000,38.68276054999998,11088.43,12251.5,11047.12999998,11263
1516802400,69.78043927,11275.8,11500.00366953,11129.82,11271.68
1516798800,38.869197580000005,11271.68,11333.04058403,11129.82999946,11332.99
1516795200,56.293888560000006,11330,11360.000912,10984.78999914,11107.6036332
1516791600,38.65549059999999,11030.89,16302,10885.33999999,11000.00299605
1516788000,29.947086780000003,11000,11101.64,10943.10999997,10950
1516784400,17.456694369999997,10943.10999995,10950,10770,10882.78
1516780800,28.28860618999999,10850.01,10998.98,10828.48999981,10925.02032061
1516777200,45.831464869999984,10925.02604592,11050.04515991,10791.37999969,10900.00321213
1516773600,37.42691217999999,10900.00127586,10966.82102193,10617.49999925,10681.07
1516770000,26.89941861,10699.1,10759.9902168,10569.98,10580
1516766400,24.604449820000006,10580,10821.7035766,10500,10776.48
1516762800,48.51687113999999,10776.48,10999.02332357,10616,10664.16
1516759200,21.255042659999997,10677.00218604,14000,10441.28,10441.28
1516755600,25.814417420000005,10509.92062302,10800.11710637,10429.05088,10570
1516752000,16.321457170000006,10570,10866.93028731,10533.70999981,10742.99
1516748400,21.10763566,10777.23,11093.15173969,10641.47,10935.83
1516744800,19.83001357,10929.61,11215.03334238,10923.61999995,10956.84
1516741200,6.80785043,10955.01856205,11235.76470588,10865.81,11098.54514632
1516737600,14.194609419999999,11100.00255324,11250,10791,10931
1516734000,15.495199810000003,11034.9,11231.86,10909.07999785,11230.39
1516730400,20.933695279999995,11230.38,21221,11019.93,11086.63999941
1516726800,42.60631876999999,11086.65,11310.89,10956.34999872,11264.83
1516723200,91.98402162,11264.83,11310.89,10651.95,10721.07904983
1516719600,47.13744392999998,10721.06986358,10789.84,10429,10500
1516716000,30.24401240000001,10500,10500.0211245,10200,10337.00756444
1516712400,28.784385120000014,10369.00046912,10390.7497447,10098.99,10210.38
1516708800,48.220577250000005,10200,10364.15325413,10000,10135
1516705200,45.47211245,10133.18999983,10579,10000,10310
1516701600,32.3406576,10280.90203189,10488.03123333,10200,10326.98
1516698000,20.959619530000005,10316.95,10630.05495059,10305,10560
1516694400,43.782378460000004,10560,10630.08912972,10215.5012433,10310.4
1516690800,47.51707724,10310.4,10435.065884,10219.83089465,10355.51999987
1516687200,39.247330430000005,10381.8700805,10591.99050351,10285.71,10371.03009633
1516683600,47.65210154999999,10371.03009631,10701.00222972,10309.74114783,10612.55
1516680000,20.45326722,10703.53,21600,10612.53,10900
1516676400,67.02196439,10925.00368651,11345.45454545,10708.40999988,10767.91999987
1516672800,57.53039146,10763,11157.05128205,10564.97,10663.90180474
1516669200,28.575913579999998,10663.83,10900.58,10535.38,10748.99
1516665600,28.534397069999997,10750.00041357,10924.0769269,10667.98999969,10864.99010697
1516662000,18.39165729,10846,10865.12216035,10620.98999999,10623.29083075
1516658400,22.17071713999999,10650.01408333,10678.13018509,10269.5799993,10397.01748949
1516654800,34.86181725,10235.2,10469.73,10156,10420.64999991
1516651200,20.5868397,10469.52046952,12000,10384.26999911,10579.68146547
1516647600,16.420886340000003,10579.68087034,10678.1476943,10451.78999829,10451.79
1516644000,23.16160808,10451.7899915,10696.13,10451.7899915,10611.97
1516640400,24.553724529999993,10641.40999981,10770.8521386,10553.64,10555
1516636800,48.50754938,10570.18,10722.9899998,10360.5,10400.58999721
1516633200,67.06129041,10396.94999897,10759.79002481,10339.93998394,10687.26
1516629600,70.97502250000001,10773.97606843,10927,10598.05999899,10763.01373024
1516626000,102.29349694999999,10765.47948362,11477.15625,10500,11361.13012231
1516622400,29.807619740000007,11361.13012333,11463.42186595,11237.55,11334.28
1516618800,28.616108299999997,11350,11745.68,11350,11704.69999996
1516615200,31.965755280000003,11703.70000023,11790.0636879,11619.01999881,11729.57
1516611600,30.349322949999994,11728.36117381,12261.33333333,11700,11815
1516608000,39.077907899999985,11813.89999918,11920.89187246,11658.81999987,11733.9
1516604400,38.65173384000001,11691.16009415,11744.880337,11520,11666
1516600800,45.703775789999995,11670.00088958,11802.03742204,11400.68,11400.68
1516597200,43.921559699999996,11499.98999997,11640.02369983,11378,11591.45
1516593600,38.961492570000004,11583.88999947,11750.00006391,11486.05999921,11495
1516590000,54.39844691999998,11495,11700.03467718,11391,11641.92940287
1516586400,56.51490794,11566.03,11641.92098294,11235.95,11431.59
1516582800,65.38352130000001,11465.99045451,11904.76190476,11358.23,11773.56999981
1516579200,25.42978079999999,11773.57,11775,11447.4,11500
1516575600,14.30132403,11437.45999913,11789.41176471,11111.62,11111.62
1516572000,22.038633699999995,11162.71,11466.67002066,11033.57999996,11244.86999884
1516568400,25.884020279999998,11237.85,11326.8419901,11100,11194.34
1516564800,43.59926641,11194.35820199,11471.00187704,11100,11422.79999583
1516561200,29.772976919999998,11472.29167356,11650.48543689,11300.13,11426.56128937
1516557600,19.15556506,11328,11480.47113021,11260,11325
1516554000,40.837323139999995,11325.45,11436.60999998,11100,11285
1516550400,42.34977736999999,11327.06372956,11524.64999738,11145,11524.64999738
1516546800,37.21332942,11500.01,11830.00599331,11500,11718.13
1516543200,43.35937319999999,11747.23379149,12110.54092488,11711.19,12040
1516539600,38.210764260000005,12031.55,12197.49255333,11839.61,11839.62
1516536000,38.375159720000006,11937.43,12334.57233457,11800.48,12116.35
1516532400,41.97118263999999,12116.35,12158.03773585,11701,11748.99
1516528800,21.51942896,11749,11888.00026873,11680,11689.68236999
1516525200,34.19313403,11689.68000362,11848.10380539,11600.36,11829.18044825
1516521600,37.47249558,11839.22884083,12069.99025906,11679.4,11679.4
1516518000,56.11888162000002,11679.4,20000,11468.91,11950.0013219
1516514400,58.519103279999975,11950.00337974,12466.5,11854.90999999,11948.20173333
1516510800,85.00320670999997,11973.640043,12278.16131682,11904.75999516,12089.57447723
1516507200,93.32517515999999,12089.57447723,13756.33333333,12000,12459
1516503600,65.99963582000001,12486.03999863,13750,12448.00999831,12510.00590971
1516500000,40.498273149999996,12510,12860.01884069,12360.34,12537
1516496400,46.95155788000002,12537,12622.08519894,12300.09999915,12300.1
1516492800,56.97021467000001,12300.1,12860.03845472,12300,12726
1516489200,16.46677251,12858.94,13000.00920316,12703,12816.2
1516485600,24.842004929999995,12815.27,13066.94762643,12788.06,12963.32468407
1516482000,29.834705189999994,12915.9,13000.07304146,12715.00999936,12742.41
1516478400,10.525569050000003,12740.14,12970.72078704,12656.19999955,12939.83
1516474800,21.800264160000005,12767.82999991,13600,12721.55999674,12950.00127493
1516471200,28.43194223000001,12953.9,12970.710862,12767.5,12887.00985673
1516467600,31.878342559999993,12780.01999091,12900.06922012,12725.29999586,12800
1516464000,33.78108375000001,12800.01,13097.6744186,12482.46,12530.00406017
1516460400,33.495498409999996,12512,12620.10230554,12500,12616.09984152
1516456800,58.52250623,12601.6,12800.00017177,12456,12501.69
1516453200,40.860936119999984,12501.69,12663.88398942,12433.69999942,12524.79
1516449600,48.67409392,12534.8,12534.8,12277.14,12330
1516446000,27.038657890000014,12330,12579.71014493,12319.30999961,12560.07510835
1516442400,31.299217089999996,12495,13797.7,12455.98998992,12552.4
1516438800,143.48225788999997,12552.4,13296.55,12552.4,12800
1516435200,109.38737226999997,12780,13932.91159303,12434.24,12559.5
1516431600,62.858771129999994,12559,12690.00011327,12361,12459.0001723
1516428000,45.120239930000004,12459.00143296,12814.11764706,12359.75,12792
1516424400,132.03732574000006,12792,14333.33333333,12200.60999565,12250
1516420800,83.82333198999997,12200.4,12290.0009837,11633,11726.6
1516417200,37.98366599999999,11679.56,11808.38703853,11652.10999906,11715
1516413600,49.54104417,11700,11763.92046942,11620,11678.40237455
1516410000,29.83639967,11678.39503681,11754.15714286,11530.3499993,11600.00009277
1516406400,28.658662119999992,11616,11634.35376188,11441,11441
1516402800,15.90793799,11449.73,11450.02997118,11250,11343.86
1516399200,34.51565800999998,11400,11839.375,11330,11369.29
1516395600,17.277711790000005,11386.27,11600.00333334,11307,11307
1516392000,13.388426999999998,11324.77,11388.88551853,11190.32999952,11338.00383194
1516388400,26.71219026,11254.79366212,11396.65230117,11190.32999651,11312.5
1516384800,29.632660609999995,11322.92212369,11404.67106851,11204.47999423,11353.59
1516381200,100.14980787000002,11353.59,16500,11280.92999993,11697
1516377600,39.410099839999994,11686,11766.13095238,11520,11525.25
1516374000,64.49437754,11525.25,13241.5,11374.87999651,11436.55909551
1516370400,51.28113817999998,11436.54012289,11789.00146411,11302,11678.16
1516366800,91.79069215999996,11636,12000,11555,11794.80354467
1516363200,79.38931260999996,11720.97,11800.01451395,11473,11511.79
1516359600,36.45464289,11445,11650.5430575,11396.40963855,11550
1516356000,75.08595325999998,11550,11550.89122106,11322.48999827,11388.01359623
1516352400,46.09646062999999,11324.46,11666.66666667,11322.47999917,11521.0231945
1516348800,96.49589082999995,11521.00771558,11587.86032978,11105,11125
1516345200,120.20714163000002,11125,11550.00995855,11080.33,11377
1516341600,113.27454487999997,11377,11500.29213847,11050.42,11115.20623295
1516338000,110.51706246999998,11119.8,11500.00015783,10955.02,11157.6594411
1516334400,62.31740388,11157.6594411,11165.48543689,10709.73,10928.38
1516330800,91.26260174000004,10928.38,11050.00172111,10500,10604.4314842
1516327200,81.06684346999998,10604.46471842,11350,10536.66,11134
1516323600,82.97649881999999,11124.2,11489.0006461,11101.10999966,11348.01703578
1516320000,78.21036332000001,11348.01128436,11348.01852331,10812.82,10988.73450563
1516316400,18.326984060000004,10988.74013528,11154.54531263,10818,11083.92
1516312800,30.20363498,11084,11355.21,10833.32999982,11354.00018173
1516309200,11.681639300000002,11355.20229624,12534.55555556,11279.79072701,11563.21
1516305600,14.836615419999998,11563.21305125,11724.13793103,11330.02,11504.85169649
1516302000,40.79049362000001,11548.80340229,14800,11287.17999674,11448.28637017
1516298400,23.365014759999998,11448.28,13333.33333333,10942.64,11000
1516294800,27.02610183,11003.10100337,11325.65405506,11000,11276.11466545
1516291200,39.9600773,11276.08013905,11613.60958372,11150,11613.60162319
1516287600,43.83032595000001,11613.60277359,11724.14013152,11413.02302866,11550.01464849
1516284000,59.340608200000005,11536.11999971,11550,11200.2,11369.01863497
1516280400,60.866969200000014,11360,11596.02530387,11080.00999966,11364.00900901
1516276800,131.45244297000002,11299.22553758,11748.6304892,11219.21,11297
1516273200,77.84084044999999,11291.21,11457.74534161,11099.2,11099.2
1516269600,47.43322731,11099.19999308,11465.28,10942.63,11099.01
1516266000,39.89076952999999,11099.01920731,11261.57,10702,10730
1516262400,37.03427773999999,10730.00512828,10810.00145013,10500,10501.58999184
1516258800,39.48760108999999,10600,11000.07488206,10500,10935.83015775
1516255200,46.40020392,10935.83,11067.0454917,10710.00999781,10710.00999781
1516251600,54.19569224,10759.23,10999.00049605,10500,10850.01
1516248000,38.72568078,10782.24999963,11400,10640.52999975,10980
1516244400,55.41545803000002,11044.00404561,11512.63625204,10917.79999989,11472.53999609
1516240800,78.68239556999998,11536.00209618,11553.6754386,11273.53,11286.47999742
1516237200,75.94994801999995,11286.48352098,11517.68557378,10859.03,11097
1516233600,64.27610234999997,11099.09795965,11100.00442696,10749.5,10970
1516230000,80.78337185999999,10970,10990.00227703,10260.11999762,10737.00592188
1516226400,62.21341899,10697.35,11490.01488562,10500.75999916,11250.01783905
1516222800,80.31637137000001,11179.39999987,11300,10476.73,10939.19
1516219200,57.05443750999998,10939.19,10958.92601684,9999.85638909,9999.86016668
1516215600,4.673446640000001,9957.54,10000,9726.32,9726.5451488
1516212000,12.034255150000002,9726.52999966,9915.95320508,9629.46,9870.5
1516208400,34.32430532000001,9880.39000015,10299.7504908,9645.54,10165.21
1516204800,60.13181403000001,10190.02,10190.25504521,9315.06,9428.12999548
1516201200,73.33369048000002,9428.12,9700.99478848,9199.51999948,9300
1516197600,106.84869811000003,9332.9200365,9994.73341533,9300,9921.99814476
1516194000,28.656392949999997,9813.05999974,10299.99782669,9806.61999999,10177.00813805
1516190400,58.17600150000001,10177.00697739,10488.53846154,9820.19,9880.96034744
1516186800,51.279052689999986,9972.51011017,10316.44895044,9759,9811.02393644
1516183200,65.47088913,9806,10265.00623827,9806,10265.00623827
1516179600,44.99110160000001,10265.00733382,10820,10030.20999829,10500.01
1516176000,48.757393450000016,10500.01,10748.82631779,10329.67,10698.79026492
1516172400,66.90175345000002,10698.79026492,10978.28084488,10600,10830
1516168800,84.00252584999998,10830,11124.68335419,10558.8,10622.23156202
1516165200,64.21650919999999,10558.8,10725.75550791,10156.98999986,10584.23362762
1516161600,96.41426112000002,10507.21,10800.25691123,10000,10289.65
1516158000,134.62920695,10280,10637.11022322,9795.92,10403.25
1516154400,65.32641043999998,10403.24999993,11056.00274275,10400,10750
1516150800,94.39441595000001,10746.65999984,11317.05555556,10650.2,10758.68779733
1516147200,87.43272014,10682.1999996,11888.88888889,10638.93,10755.67
1516143600,69.49700675,11005.43974654,11361.01106689,10400,10896.9099999
1516140000,108.92766427999996,10896.91999906,11269.33333333,9988.87999989,10560.20999994
1516136400,77.00705473999999,10469.21,11009.96,10292.28999998,10900.0024354
1516132800,29.030844050000002,10883.27999997,11400.04128169,10781.67,11161
1516129200,26.043100630000012,11217.59081749,11556.68003175,11133.45999998,11136.1899999
1516125600,47.86759309,11136.19,11198.48593282,10884.94999997,11001
1516122000,51.283379819999986,11000,11625.01883525,11000,11555.00999649
1516118400,26.641260229999997,11555.01643606,12133.5,11503,11960.05843627
1516114800,39.989363820000015,11999.01119493,11999.03331454,11503,11602.78683036
1516111200,43.56110613,11586,11800.15233146,11220,11300
1516107600,71.37100642000001,11300,12108.91009339,11231.38999984,11712.46999883
1516104000,71.64665262000001,11712.27000003,12050.81474172,11548.45,11975.38000258
1516100400,63.68140221999999,11975.37999998,12080.58390445,11626.08,11798.2
1516096800,101.88623706999998,11798.2,20000,11320.76999997,11374.5899989
1516093200,115.44920496999995,11378.83084623,12111.49293767,11034.12999499,11983
1516089600,167.81993257999997,12100.02668352,12609.1605557,11345,12445.91999992
1516086000,42.540987969999996,12439.69075361,13219.03355196,12434.89999996,13075.72
1516082400,24.15378211,13077.03,13139.12256234,12974.16999034,13024.04
1516078800,26.824989610000003,13023.84,13100.07907549,12857.88,13016.8
1516075200,30.897892889999994,13019.8016243,13179.39,12850,12924
1516071600,37.46705340000001,12924,13230.00423677,12801,13122.90999853
1516068000,71.77997146999998,13120.84999832,13194.81,12739.4799998,12952.26
1516064400,89.29913498999998,12939.76,13298.02724088,12700,13090.24
1516060800,74.81188454000001,13320.00540051,13586.16858474,13011.86999908,13586.07
1516057200,21.651374530000002,13586.07999912,13958.75108585,13490.95,13888.80964241
1516053600,26.598931860000004,13909.0031012,14000.00802202,13703.69999987,13703.7008642
1516050000,14.315477999999999,13735.2,13916.68521161,13666,13866.00001391
1516046400,17.54207954,13730.25445416,13911.08380805,13650,13786.36550818
1516042800,9.115204590000001,13812.16003244,13986.02270271,13720,13825
1516039200,16.24113805,13887.69206111,14192.02564103,13813.2,13860.81
1516035600,24.81710269,13865.97151279,14067.5844806,13862.05,13966.5
1516032000,35.34994375000001,13933.01000051,14045.98626355,13788.29999857,13875.3
1516028400,42.28710378,13938.01,14076.43312102,13850,13984.89
1516024800,36.82683797,14078.01,14219.85815603,13953.47,14019.26038009
1516021200,116.54028925999995,13953.27,14095.68771971,13838.75999978,14068.96651695
1516017600,58.62744548,14068.96,14068.98409024,13498.77999912,13736.27098915
1516014000,63.437245200000014,13736.27084249,15700,13241.38,13590
1516010400,44.71930715999998,13600,13674.06402511,13350,13523.75
1516006800,51.12548908,13460.24,13600.07775747,13288.5099997,13303.70999999
1516003200,47.15622275999999,13303.51,13461.64553292,13260,13402.7
1515999600,49.63424742999999,13402.7,20000,13400,13661
1515996000,41.90434333000001,13661,13828.00020927,13405,13460.41
1515992400,42.66274923999999,13462.55161768,13580.00124452,13389,13501.36963979
1515988800,46.04681158999999,13501.37,13689.4,13195.62999983,13354
1515985200,22.662738190000002,13354.00621156,13665.35,13195.61,13401.20101802
1515981600,55.838855040000006,13401.201784,13530,13165.83999643,13482.52
1515978000,27.234654869999996,13576.80649438,13700.40104082,13481.93999982,13700.36534308
1515974400,18.272601559999995,13662.99991952,13700.37693757,13388.5,13535
1515970800,24.14001094,13502,13589.10588221,13347,13499.66384362
1515967200,14.73502133,13416.96475978,13500.00448999,13165.7899996,13183.78971963
1515963600,8.970130119999999,13183.79,13370.28269724,13049.67999583,13239.3
1515960000,14.044387290000001,13330.21,13400.49000005,13070.84,13241.99
1515956400,14.43271455,13226.41,13499.79698984,13055.80999987,13455.26750161
1515952800,19.698279059999997,13270.11999933,13626.11111111,13220,13260.90008831
1515949200,24.29143766000001,13261.1882867,13373,13020.81997686,13178.8
1515945600,52.718868509999986,13178.8,13203.96825397,12795.35,12895.7299971
1515942000,82.92591237000002,12895.73108916,13300.00401796,12500.78999113,13236.4
1515938400,55.04615777000001,13266.00890373,13416.66666667,13166.40999911,13344.72
1515934800,48.83416114999999,13344.72,13548.98999999,12919.49999938,13016.52999995
1515931200,89.70205408999996,13016.52999997,13300.00785157,12906,13300
1515927600,84.78415163000001,13300.00651149,13540.00139917,13212.2,13414.59
1515924000,32.61293052999999,13414.59,13605.31685508,13411,13463.66951025
1515920400,50.49591636,13463.61,13693.71236195,13300,13689
1515916800,30.20068714,13635,13777.27408366,13629.8399997,13750.00262676
1515913200,35.65763063999999,13754.37,13875.88888889,13647.53999954,13812.38
1515909600,23.548738749999995,13812.38098823,13877.75626579,13629.83959044,13710.78314461
1515906000,43.29307163,13710.78,13828.46169964,13538.07999749,13780
1515902400,59.25681824,13780,14318,13679.75,14164.7055043
1515898800,38.69943217000001,14164.71016435,14213.25788833,14011,14200.01895704
1515895200,29.210715210000007,14198.82448949,14545.45454545,14119.36842105,14300
1515891600,34.335572679999984,14300,14386.95858661,14119.38999721,14210.01214897
1515888000,40.371621459999986,14149.6,14305.00906816,14060,14132.43
1515884400,25.47143499,14199.00201832,14356.43,14062,14355.00885412
1515880800,17.928703380000005,14355,14355.00885412,14015.9,14015.9
1515877200,30.591694839999988,14015.9,14221.59280768,13827.23999789,13957.40999922
1515873600,33.51165136,14051.86353323,14235.70100043,13826.01,14000
1515870000,22.052457890000003,14107.01340567,14346.05627211,14000,14172.8287174
1515866400,41.40270557999999,14052.39160438,14666.66666667,14000,14150.00028495
1515862800,64.70132011999999,14150.00724938,14230.67731514,14002,14056.0499988
1515859200,103.98616179,14188.580265,14561.86064237,13888,14223.72
1515855600,143.82712617,14201.6,14462.08,14000,14316.15066975
1515852000,91.75296371999998,14316.15271455,14478.33663366,14240.12999831,14332.79
1515848400,81.86546762000002,14350.00595361,14612.51428571,14171.43999178,14203.839995
1515844800,52.789154830000015,14229.41376483,14305.16137566,14034.22,14157
1515841200,65.69061196999999,14157.00845616,14285.71428571,13921,14165.37001337
1515837600,82.44526720999998,14072.04,14300,13970.27,14204.80999569
1515834000,56.47671629,14200,14201.35191632,13830,14099.46
1515830400,50.868152349999995,14141.80999898,14221.310043,14000,14202.01087928
1515826800,61.47570125,14110,14248.04353377,13920,14049.98999635
1515823200,50.05594101999999,14049,14049.06367186,13822.62999933,13937
1515819600,67.18198343,14023.81999913,14108.33581892,13836.05,13990.09451539
1515816000,32.32888766,13990.01522439,15104.57142857,13791.43,13889.41
1515812400,33.50802694999998,13888.41,14056.22090297,13755.67999888,14056.22
1515808800,42.68968691999999,14056.22272056,20000,13841.94,14089.00379242
1515805200,52.44626376000001,14003.02,14118.23722926,13880,13963.8
1515801600,50.36981678,13963.79999876,20619.5,13660.8899988,13720.66
1515798000,26.106126089999997,13704.64999877,13875.57059683,13413.01,13653.83319773
1515794400,19.106668610000003,13587.79,13653.82767922,13395,13593
1515790800,16.744785290000003,13633.33775024,13811.0229356,13525.85,13653.81
1515787200,13.635337869999999,13550,13811.43098391,13393.33,13605
1515783600,21.57276833,13530.01,13680.02833822,13338,13485.10664256
1515780000,19.78430222,13334.23,13806.66666667,13325,13364.13
1515776400,48.31215345,13465.89,13583.00281532,13302.58999861,13356
1515772800,49.64197792,13429.14749973,14545.55555556,13271.39999881,13411.72
1515769200,54.94780263,13411.72,13897.14,13361.36040312,13897.1
1515765600,26.428552460000002,13897.1,13912.16571597,13610.99,13775.8
1515762000,50.21641892999999,13712.85,15000,13664.4,13891.57054215
1515758400,66.97701107999997,13903.02999784,13924.49669384,13400,13804.52999973
1515754800,38.103221039999994,13803.92131451,14000.3026726,13722.9899998,13821.4
1515751200,34.72799333,13860.00319519,13900.02661254,13449.99,13569.62319594
1515747600,22.661630779999996,13549.38999943,13699.38,13400,13580
1515744000,20.749486380000004,13610.02418818,13766.25149937,13500,13652
1515740400,51.521313700000036,13650,13880,13625,13759.02
1515736800,27.75024101,13759.02,13806.45738372,13486.41,13488
1515733200,44.33460400000001,13600,13760.09011841,13336.97999995,13629.80255333
1515729600,37.913071679999995,13677.95103385,13750.00062048,13567,13706.29
1515726000,37.320252210000014,13677.41,13829.78723404,13350,13455.94606369
1515722400,30.67747342999999,13381,13500.91410495,13328.76,13449.99
1515718800,47.57828477,13443.15076591,14908.33333333,13017,13066
1515715200,31.080947730000002,13120,13387.82999986,12903.2199997,13292.88
1515711600,35.89645786999999,13259.07999924,13387.91924289,13000,13207.82866299
1515708000,62.85696973000001,13207.82,13538.43,13012,13400.91999742
1515704400,20.333269540000003,13400.92,13527.34122165,13121.28,13325
1515700800,26.755248170000005,13317,13700.96,13149.61,13410
1515697200,21.514240689999998,13446.62994059,13880.31014995,13325,13756.56140215
1515693600,24.701354690000002,13753.86361568,13812.08208055,13612.55999988,13757.5
1515690000,21.41391278000001,13674,14000.05006079,13659.76999826,14000.00461545
1515686400,27.30930303000001,13942.05999971,14220.00571625,13862.87999972,13990.00110627
1515682800,35.525067950000015,13990.00473178,14254.05216442,13933.98999981,13934
1515679200,44.56833354,13935.69,13935.69172434,13717.9200121,13789
1515675600,21.499485779999997,13789,18900,13589.7399999,13814.99
1515672000,34.49380214,13811.19,13953.33333333,13366.80999972,13366.80999972
1515668400,55.78757543999999,13467.02995366,13531.72434717,13200,13332.63
1515664800,41.407094419999986,13430.80888658,13712.38709677,13331,13599.99886172
1515661200,20.790873079999997,13600,13811.10131329,13412.2699956,13635.55
1515657600,42.57965703,13686.91017106,13949.00178452,13500,13589.01
1515654000,35.60683266,13624,14285.71428571,13248.04,13330
1515650400,41.55788109,13518.01559726,13592.87195064,13087.7699994,13099.59469815
1515646800,65.14523596000001,13075.93,13600.02294536,13000,13354.48746987
1515643200,110.47796133999996,13313.54788766,13524.06,12786.50998222,12985.29285731
1515639600,102.28094735999997,13000.39399874,14247.99,12936.61,14210
1515636000,32.51936199,14247.99,14526.51648352,14130,14447.79
1515632400,24.609077190000004,14397.9,14682.17651349,14300,14513.02999948
1515628800,27.11638513,14513.03000602,14901.61384675,14500,14887
1515625200,34.51586329,14887,14895.01190299,14384.10999833,14386.11
1515621600,21.67096373999999,14386.2,14600.99922273,14200,14402.30999973
1515618000,6.71934459,14402.30999808,14600.14246221,14321.69999893,14360
1515614400,20.942106359999997,14360,14420.80165317,14140,14295.98
1515610800,15.942082230000006,14413.80807965,14586.10220079,14158.4176178,14500.61
1515607200,22.20732481999999,14586.00037165,16666.66666667,14389.6,14492.8
1515603600,35.3752246,14492.80835854,14500,14202.12999304,14315.14176313
1515600000,61.41385795999999,14315.34999975,15508.33333333,14100,14290.28999982
1515596400,48.07704720000001,14355.53291184,14355.54,13650.00999998,13707.9899993
1515592800,58.36253642999999,13707.99,13910.0000083,13620.25,13894.41
1515589200,37.63116277,13887.47,14049.00156871,13732,13860
1515585600,30.070637080000008,13774.02999979,14152.72727273,13773.63453333,13984.94999924
1515582000,41.348667240000005,13984.95,14180.00603848,13772.58999934,13873.88
1515578400,32.01814548,13873.8803754,13943.02009115,13643.5,13838.19
1515574800,61.38547869999999,13838.19,13918.24253263,13538.64999749,13623.99159309
1515571200,65.56520787000002,13538.65,14191.00054197,13438.43999998,14070.01999437
1515567600,44.42928489000002,14100.33406693,14325.86191354,14070.01999875,14315.2525846
1515564000,51.72373067,14266.6,14315.26508642,14000,14100
1515560400,50.08470118000001,14120.02,14236.98445021,14000.76999988,14000.77
1515556800,58.997415759999996,14199.99137785,14237.28813559,13880.54999527,14085.1908999
1515553200,53.60731723,14014.49707777,14298.8154861,13880.12999999,14240.91999991
1515549600,46.53306974999999,14207.48,14570.67035303,14100,14150
1515546000,39.83286416,14197.4,14370.21348845,13966,13968.2
1515542400,53.75219784,13968,14449.61949153,13855,14449.61949153
1515538800,40.11309492000001,14449.56,14562.47,14062.5,14303.43999883
1515535200,37.801364029999995,14339.38,14565.01139069,14127,14564.90142636
1515531600,14.041666999999997,14448.25,14789.87332152,14402.82999142,14699.48999992
1515528000,19.415073019999998,14699.48999937,14810.06385988,14423.07999914,14702.68
1515524400,14.763035570000001,14702.87999733,14902.02309258,14609.13999717,14730.19
1515520800,13.476534410000003,14730.18,15074.07407407,14700.62999979,14916.3
1515517200,15.336406170000002,14980.53999957,14991.62645914,14794.25,14913.01361165
1515513600,29.592207059999996,14967.76174087,14967.78218521,14502,14609.12172326
1515510000,46.01788230000001,14607.65999978,14775.08169073,14500,14570.4
1515506400,49.92438187000001,14570.44095087,14617.46135913,14192,14193.6
1515502800,49.66635215999999,14193.6,14717.78455019,14137.48986486,14630.01
1515499200,25.23988642,14577.85,14890.55673026,14400,14702.04
1515495600,46.56515235,14890,14960.63006689,14400,14479.17
1515492000,55.48833058999999,14479.17,14919.96208179,14200,14915.27
1515488400,33.226019060000006,14919.96433808,15190.61583578,14705.20999978,15100.03
1515484800,44.605430350000006,15100.04189097,15250.00239815,14828,15044.01064295
1515481200,51.21415164,14952.68999986,15072.0878633,14791.8099975,14850.00335992
1515477600,45.86332943,14791.80999987,14961.10480552,14660,14800
1515474000,47.657868789999995,14882.53347294,15375.00958033,14526,15287.17948718
1515470400,40.16999828000001,15283.32749987,16666.66666667,15165.85999993,15230
1515466800,35.88520067999999,15274.02222813,15398.41188834,15130,15165
1515463200,46.35525715,15165,15254.00890815,15035.76999964,15196.22999965
1515459600,34.87199441,15196.22216194,15264.23978038,14895.95999357,14975.2
1515456000,35.25592184999999,14935.18,15003.84233113,14690,14890.68
1515452400,19.190924929999994,14890.68,14980.01174254,14408.41,14650
1515448800,15.659923299999999,14650,14874.3,14526,14722.20999785
1515445200,22.306417740000004,14875.4,14998,14708,14864.67
1515441600,17.556491489999996,14775.5399991,15135.29759538,14500,15128.89
1515438000,15.81986268,15101.66,15185.00192918,14592,14900
1515434400,16.3376587,14799.61,15039.52079042,14590.19209358,14728.12
1515430800,28.869067800000003,14799.9899996,14922.23561506,14500,14800.00030041
1515427200,43.459412629999996,14791.06,14955.49780416,14400,14400
1515423600,112.585426,14433.01,14820.71058553,13400,14025.001585
1515420000,94.12367161999998,14014.02,14909,14004,14769.29
1515416400,74.63643442,14800.00155754,15433.68,14567.99,15351.60999995
1515412800,27.533651800000005,15351.60999888,15518.9991729,15316,15382
1515409200,27.14674222,15382,15500.00520842,15201.1,15201.1
1515405600,45.438240609999994,15253.6,15499,15009,15064.28999955
1515402000,77.77855007,15030,15700.00706898,15030,15601
1515398400,49.54223340000001,15683.65,16086.85734665,15588.95,16086.85734665
1515394800,52.1926805,16070.26,16100.10695659,15880,15998
1515391200,43.38803437,15998,16091.05849752,15838.79999897,15923
1515387600,57.64832066000002,15968.54,16094.99000055,15688,15770.22000625
1515384000,48.57660289000001,15770.21999982,15920.87518262,15700,15730.38610948
1515380400,49.051555450000016,15728.41,16050.01630205,15688.93999918,16002.09999952
1515376800,40.591064929999995,16000.0999984,16185.76111259,15850.60999988,15960
1515373200,64.21716435999998,15960,16100.00009852,15719.60999965,15967.07
1515369600,21.7352893,15967.46999891,16325.00445168,15967.46999891,16178.96032578
1515366000,27.94726774000001,16091.03,16420.01565138,16022.91999968,16411.85
1515362400,23.232508130000006,16303.81,18338.85714286,16040.35999795,16179.97383377
1515358800,41.91169501999999,16056.74,16270.04651586,15973.36999967,16100
1515355200,26.52465755,15988.40999936,16255.69504168,15822,16210.97
1515351600,19.073013139999993,16214.97,16270.1289648,15819.43,16024
1515348000,32.19178217999999,16089.78,16300.00175331,15700,15899.99
1515344400,41.61938952,15899.99,16312.80015019,15774.18,16012.97
1515340800,67.07940102999999,16098,16587.81599204,16000,16489
1515337200,56.157242320000016,16587.80826064,16600.04993508,16410,16497.84
1515333600,93.37737403000003,16493.64003333,16536.53590273,16194.33,16306.64
1515330000,39.801890689999986,16351.37,16491.22925169,16205,16420.25
1515326400,36.165711609999995,16420.2509879,16699.10302067,16380,16628
1515322800,29.27136508000001,16648.65,16780.00077529,16500.6,16681
1515319200,38.84163875,16681,16789.00006987,16455,16455
1515315600,21.95456339,16567.66,16727.6232745,16375.26999999,16686.9916565
1515312000,27.67035569,16686.9916565,22276.33333333,16418,16650.01
1515308400,44.32368995999999,16650.01,16650.01008185,16350,16464
1515304800,44.27477502,16457.41,16488.43120529,16350,16483.74296749
1515301200,43.247945619999996,16483.74296749,16645.00857057,16395.65999779,16506
1515297600,50.15839390000001,16570,16645.03561697,16464.23999977,16564.65999977
1515294000,45.82544717000001,16564.65999928,16768.0003392,16532.26999571,16705
1515290400,40.69228991999998,16703.98999983,16886.85519731,16648.99,16846.37
1515286800,44.160527509999994,16846.37,17333.33333333,16644.11,16850
1515283200,30.133986350000008,16850,17000,16697,16697
1515279600,28.874766800000003,16998.5985422,17040.50041474,16693.95,16966.69999992
1515276000,23.591871879999992,16896.50999855,17272.72727273,16570.91,16782.02408219
1515272400,11.556479490000001,16604.69999847,16856.13124279,16535,16779.40999811
1515268800,18.306549630000003,16645.09,16869.10102589,16555,16637.94
1515265200,21.50457239,16637.93,16872.74456522,16532.27,16665.85911203
1515261600,23.0274265,16665.85080558,16879.90482533,16555,16668.31
1515258000,24.257750980000004,16810.00185289,16900.0022661,16656.55,16801.69
1515254400,38.12645347,16801.69,16868.2977559,16445.71999937,16580.68000005
1515250800,41.91766264999998,16600,16656.00119672,16327.91497242,16349
1515247200,58.2485662,16327.99,16375.00637501,16200,16241.62999868
1515243600,31.925025620000007,16201.1,16400,16201.1,16301.2
1515240000,32.02815267,16316,16570.00262749,16260.17,16570.00262749
1515236400,30.341222359999993,16570,16666.88,16460.20999968,16572
1515232800,51.02175471000001,16572,16572.01,16299.01000009,16422.59
1515229200,28.124444259999997,16302.67,16480.10205298,16218.57999927,16480.00999697
1515225600,22.388360329999994,16480.00999167,16552.59999935,16450,16518.22412854
1515222000,37.3211862,16522.0008636,16572.16999923,16393.03999698,16500
1515218400,43.32318162999999,16551.02223489,16689.72197722,16460.25,16649.25
1515214800,38.11092897000001,16649.25,16666.99,16304.10999998,16432.0034272
1515211200,41.492422059999996,16432,16660,16322.04,16610.582636
1515207600,42.670399999999994,16611.65609369,16689.80444506,16450,16560.01679204
1515204000,59.51638077999999,16664.78,17109.99,16555,16924.53999777
1515200400,29.426779970000005,16924.53999777,17195.99457416,16808,16965
1515196800,30.232963339999998,16979.51103427,17027.03,16647.15999999,17027.03
1515193200,31.38082614000001,16900.02999775,17200.1,16900.02999775,17091.54
1515189600,27.08480728,17068.57,17189.67691115,16642.48999999,16820.01999974
1515186000,22.345115380000003,16888,16935.66666667,16513.1,16574.59
1515182400,10.00993336,16600.58610074,16600.58678088,16312.58999983,16472.71
1515178800,20.24161425999999,16472.71,16630.44,16200,16511.4
1515175200,39.719530219999996,16511.4,18261.5,16488,16683.01166056
1515171600,41.28477368,16548.91984108,16835.1944278,16220.36998223,16220.36999998
1515168000,52.944560349999996,16357.62,16598.64,16000,16057.99
1515164400,32.12791287000001,16000.00999938,16092.19623069,15961.63999906,16050.000186
1515160800,36.79670449999999,15991.04,16112.95153061,15960.49999998,16097.57
1515157200,28.762169869999997,16100.00592011,16107.39508643,15800,15974.64504339
1515153600,41.33918735,15974.63999755,16055.0382466,15820.66,16007.99
1515150000,58.93924234000001,16007.99,16170.00020211,15896.55,16087.21
1515146400,59.810226599999986,16087.21,16190,15889.73999978,15983.52
1515142800,61.60745041000001,15993.31297352,16200.00945456,15449.43999827,15449.44
1515139200,69.12843130000002,15436.24999928,15455.54045147,14966.34948605,15030
1515135600,33.40800396999999,15000,15038.01704779,14927.70999956,15025.75
1515132000,30.820195399999996,15000,15101.05195412,14951,15040.65504066
1515128400,45.40738286000001,15040.65,15041.02602565,14810,14830.38470243
1515124800,45.42283893,14830.38,15027.33093324,14749.6499978,14838.01
1515121200,40.31937289,14980.10850507,15108.46957026,14814.01,15089.67
1515117600,49.04232519000001,15088,15214.39034395,14852.73000036,14956.35
1515114000,24.776716909999998,14931.00999979,15020.65413445,14836.16999478,14836.16999478
1515110400,18.077635840000006,14836.17000003,15050.18957857,14746.43999994,15050.09166972
1515106800,27.010771929999997,15050.01728756,15050.10103908,14701,14833
1515103200,21.36144168,14833,15000.00366423,14664,14837.8035239
1515099600,11.754371240000001,14790.2,14915.06382856,14746.56101686,14787.87840821
1515096000,15.103385710000003,14786.4,15050.07643654,14786.2,14961.46
1515092400,21.936723030000003,14961.46,15020.70384432,14664,14773.42071197
1515088800,28.799657130000003,14773.40508045,14800,14541.7600002,14600.0144002
1515085200,49.836692809999974,14600.0144002,14626.79228872,14417.6099998,14495.86999865
1515081600,36.66369372999999,14495.86999852,14628.50999731,14319.21999994,14390
1515078000,53.05615679,14390,14721.18999905,14390,14480.81
1515074400,35.098921870000005,14500.61599162,14582.49753157,14318.04999656,14463.83
1515070800,44.90115651,14436.63,14499.46897157,14261,14261
1515067200,23.611263880000003,14261,14583.33621153,14200,14500
1515063600,26.605988220000008,14492.22,14518.59185211,14233,14424.40999955
1515060000,46.635088060000015,14425.85319516,14600.58981319,14217.6,14332
1515056400,34.27922031,14353.00293063,14536.21590909,14100,14366.48
1515052800,34.178749440000004,14407.0010742,14795.00437515,14325.83999935,14744.11999933
1515049200,23.349939570000004,14744.14831601,14848.60000014,14719.13,14848.49999756
1515045600,31.184694150000013,14848.49998333,15341.66666667,14791.02999948,14791.03
1515042000,20.24834779,14800.84329869,14875.46900049,14701,14816.79999992
1515038400,18.699944829999996,14811,14973.05400578,14706,14951.05158974
1515034800,26.72008772,14975.04409277,15117.90729139,14900,15099.77063364
1515031200,48.450993270000005,15099.77999994,15221.00733385,14999.8,15123.99
1515027600,41.26320635,15124.02152049,15124.02152049,14700,14794.32
1515024000,42.113224509999995,14794.32,15225.80645161,14700.05,14727.95999944
1515020400,32.29154529000001,14802.77,14830.55957319,14600,14699.3
1515016800,25.693333319999997,14685.32,16014,14600,14935
1515013200,11.32557464,14939.74,14939.98,14736.4399999,14802.58
1515009600,18.31453852,14801.37,14870.01546124,14600.20999953,14660.01
1515006000,12.703333329999996,14660.01,14887.9942765,14510,14510
1515002400,16.651606020000003,14728.00648133,14888.11548686,14500,14758.45
1514998800,22.47757979000001,14888.05089548,15050.11033975,14700,14905.62
1514995200,35.35671334999999,14975,15428.57142857,14707.21,14900.00618477
1514991600,39.37456565999999,14930.81,14952.01337503,14580,14700.01
1514988000,51.72777272999999,14700.0149512,15032.78571429,14623.95,14782
1514984400,44.33412541999999,14782.00249318,14845,14453,14596.88
1514980800,60.40494407,14616.25,14820.0001384,14453,14630.01077527
1514977200,34.87261811,14630,14667.82963508,14412.79,14462
1514973600,68.44674400999997,14462.80132232,14635.96312423,14200,14550.23
1514970000,62.50587591,14550.03,14979.45741587,14524,14979.45445056
1514966400,36.094476470000025,14979.43999993,15125.36,14756,15125.36
1514962800,22.168132410000013,15116.77000096,15257.8,15048.4999992,15151.39
1514959200,47.527999349999995,15151.38090917,15152.01123246,14800,14919.08000006
1514955600,23.850171439999997,14955.34183176,15053.76344086,14687.6,14958.1
1514952000,43.62829217000001,14958.09999963,15151.51515152,14630,14708.01
1514948400,32.65566256999999,14755.05904247,15107.08193849,14678.95,14937
1514944800,42.339160140000004,14920,15000,14517,14725.47
1514941200,36.66232504,14725.47,15000,14520,14653.92
1514937600,43.5869732,14749.96833186,14799.58054126,14520,14563.15
1514934000,18.170789470000003,14520,14943.68932039,14317,14850
1514930400,11.346288510000003,14850,14899.69598784,14583.13983781,14603.60999467
1514926800,14.578852390000003,14677.81,14993.14,14310,14700.00999969
1514923200,15.14191494,14720,15140.98843087,14710.67,14716.1899985
1514919600,44.32076633000001,14716.19,15238,14592.58999913,14592.59
1514916000,69.21688902999998,14599.02,14686.95283019,13761.54,13761.54
1514912400,35.90331736,13761.54,13787.75045203,13500,13555
1514908800,29.429241199999993,13555,13756.04,13550,13581.1
1514905200,32.333384460000005,13565.99,13750.73484848,13458.8899987,13564.160555
1514901600,36.74064933999998,13586.96225755,13741.00719424,13561.63999959,13702.83999991
1514898000,72.87744287000001,13700,13725.50401448,13360.56999714,13400.00039946
1514894400,39.88093362999999,13400.00039946,15057.33333333,13361.47999833,13437.5174951
1514890800,25.017080240000002,13433,20000,13301,13486.85978605
1514887200,43.59688816,13486.86795962,13487.47591522,13320.03,13349
1514883600,31.505510679999983,13334.93,13487.00027121,13300,13301.41999991
1514880000,18.586917370000002,13400,13440.0014932,13204.51,13259.32051533
1514876400,19.068053980000006,13259.33,13476.76923077,13110,13202.43
1514872800,47.27449911999999,13202.42999925,13253.19,13028.64,13144
1514869200,13.754808700000002,13158,13253.24362913,13095,13156.88
1514865600,20.876922359999995,13156.88000317,13435.99476483,13000,13357
1514862000,21.63205614,13305,13488.00324254,13253.19999986,13488
1514858400,39.003511369999984,13488.01,13626.68573995,13255,13575
1514854800,38.74419542999998,13575,13687.36160656,13550.10999986,13658.36
1514851200,31.620780779999997,13600,13658.46038109,13106,13300
1514847600,23.0493036,13300.00104336,13499.59,13066.83,13383.73107751
1514844000,8.66399811,13471.11,13636.36363636,13218.1999999,13218.43999801
1514840400,6.673160880000001,13427.24,13502.98913043,13141.47,13324.69333765
1514836800,9.24318729,13324.78999871,13400.03897904,13071.93,13176.46999936
1514833200,4.869316489999999,13176.46999984,13202.92761776,13000,13061.06997854
1514829600,9.725062169999998,13005.39,13249.00873513,12975.02,12978
1514826000,7.763556090000002,12978,13168.00047101,12975,12995.95
1514822400,12.28086779,12995.98320984,13245,12972.96999974,13245
1514818800,16.131035039999997,13245,13368.58,12889.09,13150
1514815200,18.123249340000005,13150,13189.58,12786.50998229,12987.89
1514811600,17.758970240000004,13001.34996277,13202.19708596,12935.66,13160.00086317
1514808000,13.735890129999998,13119.43,13419.27,13119,13199
1514804400,22.50820812,13199,13555.04867986,13080,13460.0299999
1514800800,11.89806968,13459.5199995,13649.00264706,13432.42,13530.37
1514797200,9.020805440000002,13562.46081655,13562.66999932,13460,13477.09
1514793600,16.195529400000005,13470,13700.12937635,13444.97,13531.79
1514790000,12.813018879999994,13519.61,13716.2212428,13416.9599999,13712.00581386
1514786400,21.732783540000003,13712.02853381,13745.00014805,13410,13478.54
1514782800,18.291954470000004,13479.18347651,13575.28873564,13346.71999987,13499.01
1514779200,17.58090859,13499.0005507,13500.01572601,13103.29999926,13289
1514775600,29.54577763,13289,13504.75675676,13200.13,13248.27915736
1514772000,25.614960809999996,13248.27915736,13386.88160645,13112.58,13308.95
1514768400,14.945871290000001,13197.65999842,13597.34680739,13112.58,13480
1514764800,4.297314319999999,13578.12836955,13730.37000012,13425.06,13588
